{"mean": [-1.292403394207366, 30.628377134814716, -91.55944971854274, 83.1248629869768, 174.68431270551955, -18.15965500585208, 16.176242870678283, 301.0248118402948, 1189.1129046694357, 10575.902730235744, -178.68083591877976, 53.899119678033216, -324.22422761810986, -75.91505192561354, 248.30917569249632, -210.6501476953945, -140.537534601594, 680.6869538616368, 3946.1136812201566, 38203.12224866451, -28.053895210582052, 36.15149153844495, -143.98568562245714, 55.14850353911606, 199.13418916157318, -46.08276747728835, -5.372745090753711, 420.7960551983153, 1903.4901627633171, 17967.591190699593, -9.596378490348727, 307.0251227466724, -796.0032697345199, 704.5142307763762, 1500.517500510896, -195.64115360321028, 182.870838519702, 1951.6767099788528, 4811.22988164096, 33767.76755755, 34.436725853195966, 256.7918091310183, -522.4339272112509, 584.405224144017, 1106.8391513552679, -145.81234557006707, 214.97893250599142, 1586.2505371363645, 4559.820066094059, 35416.34759144463, -4.3204357478588795, 209.11726299457555, -466.9479071841269, 466.9743158637858, 933.9222230479128, -146.9197800360414, 137.35860720456276, 1188.5720930024045, 3245.4891778459228, 23703.349154388583, -19.023185390231777, 116.4929547593467, -355.56611923384173, 295.75351589351067, 651.3196351273524, -83.43541577646906, 47.64606517175395, 1120.2626779261238, 4582.158109566112, 40701.21363639775, -700.3578092778718, 206.91741084776214, -1246.4510747394431, -315.72463633492487, 930.7264384045181, -825.2652897244877, -552.0437652107678, 2606.2639893476758, 15459.554953055951, 149770.17847424804, -60.963650352053705, 144.28297441595464, -516.8836829100637, 258.40532632322066, 775.2890092332844, -132.3267481932859, 30.00612610771546, 1620.9674526690249, 7470.675224201265, 69945.83845250118], "scale": [89.90984854738626, 46.39287699608272, 223.5135035707259, 200.22244293707536, 336.10978313465034, 91.76913292407517, 92.19403541857163, 370.9951821366779, 1486.5824095318196, 14857.84871284606, 112.1844214190798, 85.02611405417473, 301.73146082743705, 207.60735835421752, 417.0715634236121, 135.42235817733084, 114.70349809970499, 541.6800067441823, 1871.6637324272103, 18005.761499692417, 109.7813957549179, 47.82335869758698, 257.9118072068534, 181.10665384983213, 341.44579679142396, 115.63559645649212, 106.43949206501749, 400.9818711891831, 1375.9082910597533, 13950.785936607019, 195.6523036338106, 474.4464877829261, 1457.8171609416743, 1208.7591939313438, 2497.0441757679896, 341.70786011888936, 360.38061668079735, 2929.5192657613575, 6609.192477280132, 47534.580778600466, 255.76134945982514, 337.74769505635874, 869.6297577359057, 851.7943684868706, 1561.8697019530775, 359.21778035060214, 349.79718262420874, 2143.94998725939, 5893.865452795934, 48634.94873009645, 165.24777682337998, 305.52530996169367, 751.3815268277941, 793.5043350535857, 1421.74780799701, 273.3952890927015, 275.05782063163787, 1757.0013299141103, 4828.245360765262, 37589.405881630824, 352.6956183257987, 176.51359084879198, 794.0014997004688, 729.7376606942333, 1201.5410336443895, 359.7512819455279, 361.37068245998387, 1389.7748324927582, 5887.638806290321, 58946.02116584672, 439.4626914302037, 327.45307863861393, 1133.846384025112, 762.1618709265039, 1544.4207254818373, 532.3910619177552, 448.47825643246665, 2063.4214286491583, 7308.23328613957, 70442.14438290849, 445.9547380958099, 193.10208298734113, 985.0757621005692, 696.365235999192, 1285.95629926873, 470.0093800136229, 432.03870197089645, 1561.195770435044, 5637.451178436425, 57258.13921742655]}